{"cameraMode":{"drawMode":0,"name":"Shaded","section":"Shading Mode"},"sceneLighting":true,"audioPlay":false,"sceneViewState":{"showFog":true,"showMaterialUpdate":false,"showSkybox":false,"showFlares":true,"showImageEffects":true,"showParticleSystems":true},"in2DMode":false,"pivot":{"x":-0.47724246978759768,"y":-1.774075984954834,"z":-0.1261250078678131},"rotation":{"x":-0.21504099667072297,"y":0.6823879480361939,"z":-0.22145751118659974,"w":-0.662616491317749},"size":16.958812713623048,"orthographic":false}